Employee Name,Company Department,Industry,Region,Client Capacity (Count),Experience (Years),Designation
Olivia Gomez,Investment Banking,Consumer Discretionary,Asia Pacific,5,21,Private
Philip Moody,Investment Banking,Healthcare,North America,1,13,Public
Marc Wiley,Global Markets,Real Estate,Asia Pacific,3,1,Public
Christopher Lee,Corporate Banking,Consumer Staples,"Europe, Middle East & Africa",2,9,Private
Christopher Contreras,Global Markets,Telecommunications,"Europe, Middle East & Africa",5,14,Public
Paul Greene,Global Markets,Healthcare,Latin America,1,13,Private
Gregory Kelly,Global Markets,Hospitality,"Europe, Middle East & Africa",2,2,Public
Joseph Mcfarland,Global Markets,Education,Latin America,1,19,Public
Steven Arnold,Corporate Banking,Consumer Staples,Asia Pacific,1,3,Public
Patricia Ford,Investment Banking,Technology,North America,1,7,Private
Andrea Ellis,Global Markets,Financials,Asia Pacific,3,18,Private
Caroline Bell,Corporate Banking,Telecommunications,"Europe, Middle East & Africa",2,11,Public
Stephanie West,Corporate Banking,Technology,North America,2,25,Private
Andrea Gomez,Investment Banking,Industrials,Asia Pacific,3,21,Private
Christine Avila,Corporate Banking,Transportation,Asia Pacific,2,5,Public
Amanda Ellis,Investment Banking,Industrials,"Europe, Middle East & Africa",1,24,Public
Michele Jones,Corporate Banking,Energy,"Europe, Middle East & Africa",1,4,Public
Jonathan Anderson,Corporate Banking,Telecommunications,"Europe, Middle East & Africa",5,13,Private
Ms. Jessica Black,Investment Banking,Industrials,Asia Pacific,4,1,Private
Anthony Crane,Corporate Banking,Transportation,"Europe, Middle East & Africa",3,21,Private
Samantha Jefferson,Global Markets,Technology,North America,3,6,Public
Maurice Maldonado,Corporate Banking,Industrials,"Europe, Middle East & Africa",2,18,Private
Kendra Scott,Corporate Banking,Consumer Staples,North America,3,7,Public
Kimberly Bryant,Investment Banking,Consumer Staples,Asia Pacific,3,6,Public
Robert Marquez,Corporate Banking,Consumer Staples,"Europe, Middle East & Africa",2,4,Public
Jacob Ross,Global Markets,Media and Entertainment,North America,3,4,Public
Eric Riley,Corporate Banking,Financials,North America,4,6,Private
Mrs. Theresa Allen,Investment Banking,Utilities,North America,3,17,Public
Nicole Munoz,Investment Banking,Materials,"Europe, Middle East & Africa",5,16,Public
John Key,Investment Banking,Telecommunications,Latin America,5,5,Public
Alicia Barry,Corporate Banking,Education,Asia Pacific,1,25,Private
Mrs. Erica Lee MD,Corporate Banking,Financials,"Europe, Middle East & Africa",3,17,Public
Shannon Mann,Investment Banking,Education,North America,5,5,Public
Micheal Parsons,Investment Banking,Consumer Staples,Asia Pacific,1,11,Private
Brianna Myers,Corporate Banking,Financials,North America,2,7,Public
Roy Walsh,Corporate Banking,Consumer Staples,Asia Pacific,2,7,Public
Allen Howell,Corporate Banking,Utilities,Latin America,4,18,Public
Debra Nguyen,Corporate Banking,Consumer Staples,Asia Pacific,3,14,Public
Brittany Aguirre,Corporate Banking,Consumer Discretionary,"Europe, Middle East & Africa",1,16,Private
William Smith,Investment Banking,Telecommunications,Latin America,2,12,Public
Denise Cannon,Investment Banking,Utilities,North America,1,20,Private
Jerry Fowler,Global Markets,Education,North America,2,3,Private
Beth Johnson,Global Markets,Industrials,"Europe, Middle East & Africa",4,5,Private
Sarah Thomas,Corporate Banking,Financials,"Europe, Middle East & Africa",3,7,Private
Christopher Acevedo,Investment Banking,Energy,"Europe, Middle East & Africa",3,18,Private
Robin Brown,Corporate Banking,Telecommunications,Latin America,2,3,Public
Hannah Sherman,Global Markets,Media and Entertainment,Asia Pacific,4,10,Private
Mr. Wesley Wright,Global Markets,Telecommunications,"Europe, Middle East & Africa",1,11,Public
Jessica Barron,Investment Banking,Media and Entertainment,Asia Pacific,3,5,Private
Jodi Ford,Corporate Banking,Materials,Latin America,2,12,Public
Jeffrey Kline,Global Markets,Financials,North America,3,13,Public
Susan Johnston,Global Markets,Financials,Asia Pacific,3,7,Private
Eric Wiley,Global Markets,Technology,Asia Pacific,4,23,Private
Shannon Jones,Global Markets,Materials,"Europe, Middle East & Africa",1,23,Public
Karen Davis,Investment Banking,Real Estate,Asia Pacific,3,9,Private
Emily Watson,Corporate Banking,Consumer Staples,"Europe, Middle East & Africa",4,14,Public
Dr. Angela Lambert DDS,Global Markets,Technology,North America,1,18,Public
Veronica Guerrero,Global Markets,Technology,Asia Pacific,4,15,Private
Gary Bradford,Investment Banking,Education,Asia Pacific,2,24,Public
Kimberly Collins,Corporate Banking,Education,Asia Pacific,4,8,Private
Dwayne Martinez,Investment Banking,Utilities,North America,4,16,Private
Mrs. Victoria Grimes MD,Corporate Banking,Utilities,Latin America,1,20,Private
Christine Escobar DDS,Global Markets,Consumer Discretionary,"Europe, Middle East & Africa",2,10,Private
Ryan Johnson,Investment Banking,Telecommunications,"Europe, Middle East & Africa",1,25,Public
Isaac Brown,Corporate Banking,Technology,Asia Pacific,3,17,Public
Mary Griffith,Global Markets,Telecommunications,Latin America,2,1,Public
Wendy Ferguson,Corporate Banking,Utilities,Latin America,1,17,Private
Nicole Wright,Global Markets,Technology,North America,5,12,Public
Teresa Hunter,Investment Banking,Financials,Asia Pacific,2,6,Public
Sheila Fletcher,Global Markets,Education,North America,2,3,Private
Lawrence Andrews,Investment Banking,Media and Entertainment,Asia Pacific,3,10,Public
David Taylor,Global Markets,Consumer Discretionary,"Europe, Middle East & Africa",3,15,Public
Samantha Mendez DDS,Global Markets,Financials,Asia Pacific,3,6,Public
Jennifer Hernandez,Corporate Banking,Energy,Asia Pacific,4,7,Public
Dustin Brown,Global Markets,Education,Asia Pacific,4,24,Public
Sara Coffey,Corporate Banking,Industrials,Asia Pacific,1,13,Private
Troy Gray,Investment Banking,Energy,North America,1,19,Public
Linda Green,Global Markets,Technology,North America,4,4,Public
Heather Jones,Global Markets,Telecommunications,"Europe, Middle East & Africa",1,15,Public
Angela Romero,Corporate Banking,Telecommunications,Latin America,1,13,Private
Edward Oliver,Global Markets,Consumer Discretionary,Asia Pacific,2,13,Private
Preston Donaldson,Investment Banking,Technology,North America,1,23,Public
Mario Robbins,Investment Banking,Healthcare,Latin America,1,6,Private
Christopher Bridges,Global Markets,Transportation,"Europe, Middle East & Africa",5,2,Private
Robert Harper,Corporate Banking,Education,North America,3,16,Private
Kevin Bradley,Global Markets,Financials,Latin America,3,9,Private
Angela Skinner,Corporate Banking,Media and Entertainment,North America,1,1,Private
Bryan Reed,Investment Banking,Financials,Asia Pacific,1,11,Private
Derek Roy,Investment Banking,Technology,North America,2,24,Private
Kevin Rogers,Investment Banking,Utilities,North America,4,20,Private
Kyle Quinn,Global Markets,Consumer Discretionary,"Europe, Middle East & Africa",4,21,Public
Maria Pope,Corporate Banking,Real Estate,Asia Pacific,4,9,Public
Vanessa Arnold,Global Markets,Telecommunications,"Europe, Middle East & Africa",1,16,Private
Michele Daniels,Global Markets,Media and Entertainment,"Europe, Middle East & Africa",5,15,Public
Justin Kim,Corporate Banking,Telecommunications,Latin America,4,9,Private
Nancy Lopez,Global Markets,Technology,North America,3,7,Public
Angela Scott,Investment Banking,Energy,"Europe, Middle East & Africa",2,2,Public
Shelley Reed,Investment Banking,Consumer Staples,North America,3,19,Public
Christopher Henderson,Corporate Banking,Education,Asia Pacific,3,17,Public
Kara Morse,Global Markets,Technology,North America,2,9,Private
Anthony Estes,Global Markets,Consumer Staples,"Europe, Middle East & Africa",4,10,Public
Felicia Singh,Investment Banking,Real Estate,Asia Pacific,3,3,Private
Tiffany Perez,Investment Banking,Consumer Staples,Asia Pacific,5,18,Public
Angela Phelps,Global Markets,Utilities,Latin America,4,6,Private
William Haas,Investment Banking,Telecommunications,Latin America,5,3,Private
Laura Lee,Corporate Banking,Financials,Latin America,4,19,Public
Mrs. Hannah Carroll DVM,Global Markets,Materials,"Europe, Middle East & Africa",4,14,Private
Ellen Henderson,Global Markets,Education,Asia Pacific,2,5,Public
